# This file is generated from nextgen via SQL:  select * from (select name, is_aggregate, case_insensitive, alias_to,create_query,origin, syntax, arguments,returned_value,categories from system.functions where not (origin in ('PythonUserDefined','JavaScriptUserDefined')) union all select name,0 as is_aggregate,0 as case_insensitive, '' as alias_to,'' as create_query,null as origin, '' as syntax, '' as arguments,'' as returned_value,'table' as categories from system.table_functions) order by name
name,is_aggregate,case_insensitive,alias_to,create_query,origin,syntax,arguments,returned_value,categories
DATE_FORMAT,0,1,format_datetime,,System,,,,
INET6_ATON,0,1,ipv6_string_to_num,,System,,,,
INET6_NTOA,0,1,ipv6_num_to_string,,System,,,,
INET_ATON,0,1,ipv4_string_to_num,,System,,,,
INET_NTOA,0,1,ipv4_num_to_string,,System,,,,
TO_UNIXTIME,0,1,parse_datetime,,System,,,,
__arg_max_retract,1,1,,,System,,,,
__arg_min_retract,1,1,,,System,,,,
__avg_retract,1,1,,,System,,,,
__bit_bool_mask_and,0,1,,,System,,,,
__bit_bool_mask_or,0,1,,,System,,,,
__bit_swap_last_two,0,1,,,System,,,,
__bit_wrapper_func,0,1,,,System,,,,
__count_retract,1,1,,,System,,,,
__get_scalar,0,1,,,System,,,,
__group_array_retract,1,1,,,System,,,,
__group_array_sorted_retract,1,1,,,System,,,,
__group_uniq_array_retract,1,1,,,System,,,,
__max_k_retract,1,1,,,System,,,,
__max_retract,1,1,,,System,,,,
__min_k_retract,1,1,,,System,,,,
__min_retract,1,1,,,System,,,,
__streaming_neighbor,0,1,,,System,,,,
__streaming_now,0,1,,,System,,,,
__streaming_now64,0,1,,,System,,,,
__streaming_row_number,0,1,,,System,,,,
__sum_kahan_retract,1,1,,,System,,,,
__sum_retract,1,1,,,System,,,,
__sum_with_overflow_retract,1,1,,,System,,,,
__to_time,0,1,,,System,,,,
__unique_exact_retract,1,1,,,System,,,,
__unique_retract,1,1,,,System,,,,
_cast,0,1,,,System,,,,
abs,0,1,,,System,,,,
accurate_cast,0,1,,,System,,,,
accurate_cast_or_default,0,1,,,System,,,,
accurate_cast_or_null,0,1,,,System,,,,
acos,0,1,,,System,,,,
acosh,0,1,,,System,,,,
add_days,0,1,,,System,,,,
add_hours,0,1,,,System,,,,
add_interval,0,1,,,System,,,,Dates and Times
add_microseconds,0,1,,,System,,,,
add_milliseconds,0,1,,,System,,,,
add_minutes,0,1,,,System,,,,
add_months,0,1,,,System,,,,
add_nanoseconds,0,1,,,System,,,,
add_quarters,0,1,,,System,,,,
add_seconds,0,1,,,System,,,,
add_tuple_of_intervals,0,1,,,System,,,,Dates and Times
add_weeks,0,1,,,System,,,,
add_years,0,1,,,System,,,,
address_to_line,0,1,,,System,,,,
address_to_line_with_inlines,0,1,,,System,,,,
address_to_symbol,0,1,,,System,,,,
aes_decrypt_mysql,0,1,,,System,,,,
aes_encrypt_mysql,0,1,,,System,,,,
age,0,1,,,System,,,,
agg_throw,1,1,,,System,,,,
alpha_tokens,0,1,,,System,,,,
analysis_of_variance,1,1,,,System,,,,
and,0,1,,,System,,,,
anova,1,1,analysis_of_variance,,System,,,,
any,1,1,,,System,,,,
any_heavy,1,1,,,System,,,,
any_last,1,1,,,System,,,,
append_trailing_char_if_absent,0,1,,,System,,,,
approx_top_k,1,1,,,System,,,,
approx_top_k_count,1,1,approx_top_k,,System,,,,
approx_top_k_sum,1,1,,,System,,,,
arg_max,1,1,,,System,,,,
arg_min,1,1,,,System,,,,
array_all,0,1,,,System,,,,
array_auc,0,1,,,System,,,,
array_avg,0,1,,,System,,,,
array_cast,0,1,,,System,,,,
array_compact,0,1,,,System,,,,
array_concat,0,1,,,System,,,,
array_count,0,1,,,System,,,,
array_cum_sum,0,1,,,System,,,,
array_cum_sum_non_negative,0,1,,,System,,,,
array_difference,0,1,,,System,,,,
array_distinct,0,1,,,System,,,,
array_element,0,1,,,System,,,,
array_enumerate,0,1,,,System,,,,
array_enumerate_dense,0,1,,,System,,,,
array_enumerate_dense_ranked,0,1,,,System,,,,
array_enumerate_uniq,0,1,,,System,,,,
array_enumerate_uniq_ranked,0,1,,,System,,,,
array_exists,0,1,,,System,,,,
array_fill,0,1,,,System,,,,
array_filter,0,1,,,System,,,,
array_first,0,1,,,System,,,,
array_first_index,0,1,,,System,,,,
array_first_or_null,0,1,,,System,,,,
array_flatten,0,1,,,System,,,,
array_fold,0,1,,,System,,,,
array_intersect,0,1,,,System,,,,
array_jaccard_index,0,1,,,System,,,,
array_join,0,1,,,System,,,,
array_last,0,1,,,System,,,,
array_last_index,0,1,,,System,,,,
array_last_or_null,0,1,,,System,,,,
array_map,0,1,,,System,,,,
array_max,0,1,,,System,,,,
array_min,0,1,,,System,,,,
array_partial_reverse_sort,0,1,,,System,,,,
array_partial_sort,0,1,,,System,,,,
array_pop_back,0,1,,,System,,,,
array_pop_front,0,1,,,System,,,,
array_product,0,1,,,System,,,,
array_push_back,0,1,,,System,,,,
array_push_front,0,1,,,System,,,,
array_reduce,0,1,,,System,,,,
array_reduce_in_ranges,0,1,,,System,,,,
array_resize,0,1,,,System,,,,
array_reverse,0,1,,,System,,,,
array_reverse_fill,0,1,,,System,,,,
array_reverse_sort,0,1,,,System,,,,
array_reverse_split,0,1,,,System,,,,
array_slice,0,1,,,System,,,,
array_sort,0,1,,,System,,,,
array_split,0,1,,,System,,,,
array_string_concat,0,1,,,System,,,,
array_sum,0,1,,,System,,,,
array_uniq,0,1,,,System,,,,
array_with_constant,0,1,,,System,,,,
array_zip,0,1,,,System,,,,
ascii,0,1,,,System,,,,String
asin,0,1,,,System,,,,Mathematical
asinh,0,1,,,System,,,,
assume_not_null,0,1,,,System,,,,
atan,0,1,,,System,,,,
atan2,0,1,,,System,,,,
atanh,0,1,,,System,,,,
avg,1,1,,,System,,,,
avg_weighted,1,1,,,System,,,,
bar,0,1,,,System,,,,
base58_decode,0,1,,,System,,,,
base58_encode,0,1,,,System,,,,
base64_decode,0,1,,,System,,,,
base64_encode,0,1,,,System,,,,
basename,0,1,,,System,,,,
bin,0,1,,,System,,,,
bit_and,0,1,,,System,,,,
bit_count,0,1,,,System,,,,
bit_hamming_distance,0,1,,,System,,,,
bit_not,0,1,,,System,,,,
bit_or,0,1,,,System,,,,
bit_positions_to_array,0,1,,,System,,,,
bit_rotate_left,0,1,,,System,,,,
bit_rotate_right,0,1,,,System,,,,
bit_shift_left,0,1,,,System,,,,
bit_shift_right,0,1,,,System,,,,
bit_slice,0,1,,,System,,,,
bit_test,0,1,,,System,,,,
bit_test_all,0,1,,,System,,,,
bit_test_any,0,1,,,System,,,,
bit_xor,0,1,,,System,,,,
bitmap_and,0,1,,,System,,,,
bitmap_and_cardinality,0,1,,,System,,,,
bitmap_andnot,0,1,,,System,,,,
bitmap_andnot_cardinality,0,1,,,System,,,,
bitmap_build,0,1,,,System,,,,
bitmap_cardinality,0,1,,,System,,,,
bitmap_contains,0,1,,,System,,,,
bitmap_has_all,0,1,,,System,,,,
bitmap_has_any,0,1,,,System,,,,
bitmap_max,0,1,,,System,,,,
bitmap_min,0,1,,,System,,,,
bitmap_or,0,1,,,System,,,,
bitmap_or_cardinality,0,1,,,System,,,,
bitmap_subset_in_range,0,1,,,System,,,,
bitmap_subset_limit,0,1,,,System,,,,
bitmap_to_array,0,1,,,System,,,,
bitmap_transform,0,1,,,System,,,,
bitmap_xor,0,1,,,System,,,,
bitmap_xor_cardinality,0,1,,,System,,,,
bitmask_to_array,0,1,,,System,,,,
bitmask_to_list,0,1,,,System,,,,
blake3,0,0,,,System,,,,Hash
block_number,0,1,,,System,,,,
block_serialized_size,0,1,,,System,,,,
block_size,0,1,,,System,,,,
boot_time,0,1,,,System,,,,
bounding_ratio,1,1,,,System,,,,
build_id,0,1,,,System,,,,
byte_size,0,1,,,System,,,,
call,0,0,,,,,,,table
case_with_expr,0,1,,,System,,,,
case_with_expression,0,1,,,System,,,,
case_without_expr,0,1,,,System,,,,
case_without_expression,0,1,,,System,,,,
cast,0,1,,,System,,,,
categorical_information_value,1,1,,,System,,,,
cbrt,0,1,,,System,,,,
ceil,0,1,,,System,,,,
ceiling,0,1,ceil,,System,,,,
changelog,0,0,,,,,,,table
char,0,1,,,System,,,,
char_length,0,1,length_utf8,,System,,,,
character_length,0,1,length_utf8,,System,,,,
city_hash64,0,1,,,System,,,,
coalesce,0,1,,,System,,,,
concat,0,1,,,System,,,,
concat_assume_injective,0,1,,,System,,,,
connection_id,0,0,,,System,,,,
contingency,1,1,,,System,,,,
corr,1,1,,,System,,,,
corr_stable,1,1,,,System,,,,
cos,0,1,,,System,,,,
cosh,0,1,,,System,,,,
cosine_distance,0,1,,,System,,,,
count,1,1,,,System,,,,
count_digits,0,1,,,System,,,,
count_equal,0,1,,,System,,,,
count_matches,0,0,,,System,,,,
count_matches_case_insensitive,0,0,,,System,,,,
count_substrings,0,1,,,System,,,,
count_substrings_case_insensitive,0,1,,,System,,,,
count_substrings_case_insensitive_utf8,0,1,,,System,,,,
covar_pop,1,1,,,System,,,,
covar_pop_stable,1,1,,,System,,,,
covar_samp,1,1,,,System,,,,
covar_samp_stable,1,1,,,System,,,,
cramers_v,1,1,,,System,,,,
cramers_v_bias_corrected,1,1,,,System,,,,
crc32,0,1,,,System,,,,
crc32_ieee,0,1,,,System,,,,
crc64,0,1,,,System,,,,
current_database,0,1,,,System,,,,
current_profiles,0,1,,,System,,,,
current_roles,0,1,,,System,,,,
current_user,0,1,,,System,,,,
cut_fragment,0,1,,,System,,,,
cut_ipv6,0,1,,,System,,,,
cut_query_string,0,1,,,System,,,,
cut_query_string_and_fragment,0,1,,,System,,,,
cut_to_first_significant_subdomain,0,1,,,System,,,,URL
cut_to_first_significant_subdomain_custom,0,1,,,System,,,,URL
cut_to_first_significant_subdomain_custom_rfc,0,1,,,System,,,,URL
cut_to_first_significant_subdomain_custom_with_www,0,1,,,System,,,,URL
cut_to_first_significant_subdomain_custom_with_www_rfc,0,1,,,System,,,,URL
cut_to_first_significant_subdomain_rfc,0,1,,,System,,,,URL
cut_to_first_significant_subdomain_with_www,0,1,,,System,,,,URL
cut_to_first_significant_subdomain_with_www_rfc,0,1,,,System,,,,URL
cut_url_parameter,0,1,,,System,,,,
cut_www,0,1,,,System,,,,
database,0,1,current_database,,System,,,,
date,0,1,,,System,,,,
dateTime64ToSnowflake,0,1,,,System,,,,
dateTimeToSnowflake,0,1,,,System,,,,
date_diff,0,1,,,System,,,,
date_diff_within,0,1,,,System,,,,
date_name,0,0,,,System,,,,
date_trunc,0,1,,,System,,,,
day,0,1,to_day_of_month,,System,,,,
day_of_month,0,1,to_day_of_month,,System,,,,
day_of_week,0,1,to_day_of_week,,System,,,,
day_of_year,0,1,to_day_of_year,,System,,,,
decode_url_component,0,1,,,System,,,,
decode_url_form_component,0,1,,,System,,,,
decode_xml_component,0,1,,,System,,,,
decrypt,0,1,,,System,,,,
dedup,0,0,,,,,,,table
default_profiles,0,1,,,System,,,,
default_roles,0,1,,,System,,,,
default_value_of_argument_type,0,1,,,System,,,,
default_value_of_type_name,0,1,,,System,,,,
degrees,0,1,,,System,,,,
delta_sum,1,1,,,System,,,,
delta_sum_timestamp,1,1,,,System,,,,
demangle,0,1,,,System,,,,
dense_rank,1,1,,,System,,,,
detect_charset,0,1,,,System,,,,
detect_language_unknown,0,1,,,System,,,,
detect_programming_language,0,1,,,System,,,,
detect_tonality,0,1,,,System,,,,
dict_get,0,1,,,System,,,,
dict_get_all,0,1,,,System,,,,
dict_get_children,0,1,,,System,,,,
dict_get_date,0,1,,,System,,,,
dict_get_date_or_default,0,1,,,System,,,,
dict_get_datetime,0,1,,,System,,,,
dict_get_datetime_or_default,0,1,,,System,,,,
dict_get_descendants,0,1,,,System,,,,
dict_get_float32,0,1,,,System,,,,
dict_get_float32_or_default,0,1,,,System,,,,
dict_get_float64,0,1,,,System,,,,
dict_get_float64_or_default,0,1,,,System,,,,
dict_get_hierarchy,0,1,,,System,,,,
dict_get_int16,0,1,,,System,,,,
dict_get_int16_or_default,0,1,,,System,,,,
dict_get_int32,0,1,,,System,,,,
dict_get_int32_or_default,0,1,,,System,,,,
dict_get_int64,0,1,,,System,,,,
dict_get_int64_or_default,0,1,,,System,,,,
dict_get_int8,0,1,,,System,,,,
dict_get_int8_or_default,0,1,,,System,,,,
dict_get_ipv4,0,1,,,System,,,,
dict_get_ipv4_or_default,0,1,,,System,,,,
dict_get_ipv6,0,1,,,System,,,,
dict_get_ipv6_or_default,0,1,,,System,,,,
dict_get_or_default,0,1,,,System,,,,
dict_get_or_null,0,1,,,System,,,,
dict_get_string,0,1,,,System,,,,
dict_get_string_or_default,0,1,,,System,,,,
dict_get_uint16,0,1,,,System,,,,
dict_get_uint16_or_default,0,1,,,System,,,,
dict_get_uint32,0,1,,,System,,,,
dict_get_uint32_or_default,0,1,,,System,,,,
dict_get_uint64,0,1,,,System,,,,
dict_get_uint64_or_default,0,1,,,System,,,,
dict_get_uint8,0,1,,,System,,,,
dict_get_uint8_or_default,0,1,,,System,,,,
dict_get_uuid,0,1,,,System,,,,
dict_get_uuid_or_default,0,1,,,System,,,,
dict_has,0,1,,,System,,,,
dict_is_in,0,1,,,System,,,,
dictionary,0,0,,,,,,,table
display_name,0,0,,,System,,,,Other
distance_l1,0,1,l1_distance,,System,,,,
distance_l2,0,1,l2_distance,,System,,,,
distance_l2_squared,0,1,l2_squared_distance,,System,,,,
distance_linf,0,1,linf_distance,,System,,,,
distance_lp,0,1,lp_distance,,System,,,,
distinct_dynamic_types,1,1,,,System,,,,
distinct_json_paths,1,1,,,System,,,,
distinct_json_paths_and_types,1,1,,,System,,,,
divide,0,1,,,System,,,,
divide_decimal,0,1,,,System,,,,
divide_or_null,0,1,,,System,,,,
domain,0,1,,,System,,,,URL
domain_rfc,0,1,,,System,,,,URL
domain_without_www,0,1,,,System,,,,URL
domain_without_www_rfc,0,1,,,System,,,,URL
dot_product,0,1,,,System,,,,
dump_column_structure,0,1,,,System,,,,
dynamicElement,0,1,,,System,"dynamicElement(dynamic, type_name)","- dynamic:Dynamic column
- type_name:The name of the variant type to extract
",,Dynamic
dynamic_type,0,1,,,System,dynamic_type(dynamic),"- dynamic:dynamic column
",,Variant
e,0,1,,,System,,,,
earliest,1,1,,,System,,,,
earliest_timestamp,0,1,,,System,,,,
earliest_ts,0,1,earliest_timestamp,,System,,,,
edition,0,1,,,System,,,,
emit_version,0,1,,,System,,,,
empty,0,1,,,System,,,,
empty_array_date,0,1,,,System,,,,
empty_array_datetime,0,1,,,System,,,,
empty_array_float32,0,1,,,System,,,,
empty_array_float64,0,1,,,System,,,,
empty_array_int16,0,1,,,System,,,,
empty_array_int32,0,1,,,System,,,,
empty_array_int64,0,1,,,System,,,,
empty_array_int8,0,1,,,System,,,,
empty_array_string,0,1,,,System,,,,
empty_array_to_single,0,1,,,System,,,,
empty_array_uint16,0,1,,,System,,,,
empty_array_uint32,0,1,,,System,,,,
empty_array_uint64,0,1,,,System,,,,
empty_array_uint8,0,1,,,System,,,,
enabled_profiles,0,1,,,System,,,,
enabled_roles,0,1,,,System,,,,
encode_url_component,0,1,,,System,,,,
encode_url_form_component,0,1,,,System,,,,
encode_xml_component,0,1,,,System,,,,
encrypt,0,1,,,System,,,,
ends_with,0,1,,,System,,,,
entropy,1,1,,,System,,,,
equals,0,1,,,System,,,,
erf,0,1,,,System,,,,
erfc,0,1,,,System,,,,
error_code_to_name,0,1,,,System,,,,
eval_ml_method,0,1,,,System,,,,
executable,0,0,,,,,,,table
exp,0,1,,,System,,,,
exp10,0,1,,,System,,,,
exp2,0,1,,,System,,,,
exponential_moving_average,1,1,,,System,,,,
exponential_time_decayed_avg,1,1,,,System,,,,
exponential_time_decayed_count,1,1,,,System,,,,
exponential_time_decayed_max,1,1,,,System,,,,
exponential_time_decayed_sum,1,1,,,System,,,,
extract,0,1,,,System,,,,
extract_all,0,1,,,System,,,,
extract_all_groups,0,0,extract_all_groups_vertical,,System,,,,
extract_all_groups_horizontal,0,1,,,System,,,,
extract_all_groups_vertical,0,1,,,System,,,,
extract_groups,0,1,,,System,,,,
extract_key_value_pairs,0,1,,,System,,,,
extract_key_value_pairs_with_escaping,0,1,,,System,,,,
extract_text_from_html,0,1,,,System,,,,
extract_url_parameter,0,1,,,System,,,,
extract_url_parameter_names,0,1,,,System,,,,
extract_url_parameters,0,1,,,System,,,,
factorial,0,1,,,System,,,,Mathematical
farm_fingerprint64,0,1,,,System,,,,
farm_hash64,0,1,,,System,,,,
file,0,1,,,System,,,,
file,0,0,,,,,,,table
filesystem_available,0,1,,,System,,,,
filesystem_capacity,0,1,,,System,,,,
filesystem_unreserved,0,1,,,System,,,,
finalize_aggregation,0,1,,,System,,,,
first_significant_subdomain,0,1,,,System,,,,URL
first_significant_subdomain_custom,0,1,,,System,,,,
first_significant_subdomain_custom_rfc,0,1,,,System,,,,
first_significant_subdomain_rfc,0,1,,,System,,,,URL
first_value,1,1,,,System,,,,
flatten,0,0,array_flatten,,System,,,,
flatten_tuple,0,1,,,System,,,,
floor,0,1,,,System,,,,
format,0,1,,,System,,,,
format_datetime,0,1,,,System,,,,
format_datetime_in_joda_syntax,0,1,,,System,,,,
format_readable_decimal_size,0,0,,,System,,,,OtherFunctions
format_readable_quantity,0,1,,,System,,,,
format_readable_size,0,1,,,System,,,,
format_readable_time_delta,0,1,,,System,,,,
format_row,0,1,,,System,,,,
format_row_no_newline,0,1,,,System,,,,
fqdn,0,0,,,System,,,,
fragment,0,1,,,System,,,,
from_base64,0,0,base64_decode,,System,,,,
from_modified_julian_day,0,1,,,System,,,,
from_modified_julian_day_or_null,0,1,,,System,,,,
from_unix_timestamp,0,1,,,System,,,,
from_unix_timestamp64_micro,0,1,,,System,,,,
from_unix_timestamp64_milli,0,1,,,System,,,,
from_unix_timestamp64_nano,0,1,,,System,,,,
from_unix_timestamp_in_joda_syntax,0,1,,,System,,,,
from_unixtime,0,1,from_unix_timestamp,,System,,,,
full_host_name,0,1,,,System,,,,
fuzz_bits,0,1,,,System,,,,
gcc_murmur_hash,0,1,,,System,,,,
gcd,0,1,,,System,,,,
generate_random,0,0,,,,,,,table
generate_ulid,0,1,,,System,,,,ULID
generate_uuidv4,0,1,uuid,,System,,,,
generate_uuidv7,0,1,,,System,generate_uuidv7([expression]),"- expression:The expression is used to bypass common subexpression elimination if the function is called multiple times in a query but otherwise ignored. Optional.
",A value of type UUID version 7.,UUID
generate_uuidv7_non_monotonic,0,1,,,System,generate_uuidv7_non_monotonic([expression]),"- expression:The expression is used to bypass common subexpression elimination if the function is called multiple times in a query but otherwise ignored. Optional.
",A value of type UUID version 7.,UUID
generate_uuidv7_thread_monotonic,0,1,,,System,generate_uuidv7_thread_monotonic([expression]),"- expression:The expression is used to bypass common subexpression elimination if the function is called multiple times in a query but otherwise ignored. Optional.
",A value of type UUID version 7.,UUID
geo_distance,0,1,,,System,,,,
geohash_decode,0,1,,,System,,,,
geohash_encode,0,1,,,System,,,,
geohashes_in_box,0,1,,,System,,,,
get_macro,0,1,,,System,,,,
get_os_kernel_version,0,1,,,System,,,,
get_server_port,0,1,,,System,,,,
get_setting,0,1,,,System,,,,
get_size_of_enum_type,0,1,,,System,,,,
get_type_serialization_streams,0,1,,,System,,,,
global_in,0,1,,,System,,,,
global_in_ignore_set,0,1,,,System,,,,
global_not_in,0,1,,,System,,,,
global_not_in_ignore_set,0,1,,,System,,,,
global_not_null_in,0,1,,,System,,,,
global_not_null_in_ignore_set,0,1,,,System,,,,
global_null_in,0,1,,,System,,,,
global_null_in_ignore_set,0,1,,,System,,,,
global_variable,0,1,,,System,,,,
great_circle_angle,0,1,,,System,,,,
great_circle_distance,0,1,,,System,,,,
greater,0,1,,,System,,,,
greater_or_equals,0,1,,,System,,,,
greatest,0,1,,,System,,,,
grok,0,1,,,System,,,,
group_array,1,1,,,System,,,,
group_array_insert_at,1,1,,,System,,,,
group_array_last,1,1,,,System,,,,
group_array_moving_avg,1,1,,,System,,,,
group_array_moving_sum,1,1,,,System,,,,
group_array_sample,1,1,,,System,,,,
group_array_sorted,1,1,,,System,,,,
group_bit_and,1,1,,,System,,,,
group_bit_or,1,1,,,System,,,,
group_bit_xor,1,1,,,System,,,,
group_bitmap,1,1,,,System,,,,
group_bitmap_and,1,1,,,System,,,,
group_bitmap_or,1,1,,,System,,,,
group_bitmap_xor,1,1,,,System,,,,
group_concat,1,1,,,System,,,,
group_uniq_array,1,1,,,System,,,,
half_md5,0,1,,,System,,,,
has,0,1,,,System,,,,
has_all,0,1,,,System,,,,
has_any,0,1,,,System,,,,
has_column_in_table,0,1,,,System,,,,
has_substr,0,1,,,System,,,,
has_thread_fuzzer,0,1,,,System,,,,
has_token,0,0,,,System,,,,
has_token_case_insensitive,0,1,,,System,,,,
hashid,0,1,,,System,,,,
hex,0,1,,,System,,,,
histogram,1,1,,,System,,,,
hive_hash,0,1,,,System,,,,
hop,0,0,,,,,,,table
hostname,0,1,,,System,,,,
hour,0,1,to_hour,,System,,,,
hypot,0,1,,,System,,,,
identity,0,1,,,System,,,,
if,0,1,,,System,,,,
if_not_finite,0,1,,,System,,,,
if_null,0,1,,,System,,,,
ignore,0,1,,,System,,,,
ilike,0,1,,,System,,,,
in,0,1,,,System,,,,
in_ignore_set,0,1,,,System,,,,
index_hint,0,1,,,System,,,,
index_of,0,1,,,System,,,,
initial_query_id,0,1,,,System,,,,
initialize_aggregation,0,1,,,System,,,,
input,0,0,,,,,,,table
int_div,0,1,,,System,,,,
int_div_or_null,0,1,,,System,,,,
int_div_or_zero,0,1,,,System,,,,
int_exp10,0,1,,,System,,,,
int_exp2,0,1,,,System,,,,
int_hash32,0,1,,,System,,,,
int_hash64,0,1,,,System,,,,
interval_length_sum,1,1,,,System,,,,
ipv4_cidr_to_range,0,1,,,System,,,,
ipv4_num_to_string,0,1,,,System,,,,
ipv4_num_to_string_class_c,0,1,,,System,,,,
ipv4_string_to_num,0,1,,,System,,,,
ipv4_string_to_num_or_default,0,1,,,System,,,,
ipv4_string_to_num_or_null,0,1,,,System,,,,
ipv4_to_ipv6,0,1,,,System,,,,
ipv6_cidr_to_range,0,1,,,System,,,,
ipv6_num_to_string,0,1,,,System,,,,
ipv6_string_to_num,0,1,,,System,,,,
ipv6_string_to_num_or_default,0,1,,,System,,,,
ipv6_string_to_num_or_null,0,1,,,System,,,,
is_constant,0,1,,,System,,,,
is_decimal_overflow,0,1,,,System,,,,
is_dynamic_element_in_shared_data,0,1,,,System,is_dynamic_element_in_shared_data(dynamic),"- dynamic:dynamic column
",,Variant
is_finite,0,1,,,System,,,,
is_infinite,0,1,,,System,,,,
is_ip_address_in_range,0,1,,,System,,,,
is_ipv4_string,0,1,,,System,,,,
is_ipv6_string,0,1,,,System,,,,
is_nan,0,1,,,System,,,,
is_not_null,0,1,,,System,,,,
is_null,0,1,,,System,,,,
is_nullable,0,1,,,System,,,,
is_valid_json,0,1,,,System,,,,
is_valid_utf8,0,1,,,System,,,,
is_zero_or_null,0,1,,,System,,,,
java_hash,0,1,,,System,,,,
java_hash_utf16_le,0,1,,,System,,,,
join_get,0,1,,,System,,,,
join_get_or_null,0,1,,,System,,,,
json_all_paths,0,1,,,System,json_all_paths(json),"- json:JSON column
",,JSON
json_all_paths_with_types,0,1,,,System,json_all_paths_with_types(json),"- json:JSON column
",,JSON
json_array_length,0,1,,,System,,,,JSON
json_cast,0,1,,,System,,,,
json_dynamic_paths,0,1,,,System,json_dynamic_paths(json),"- json:JSON column
",,JSON
json_dynamic_paths_with_types,0,1,,,System,json_dynamic_paths_with_types(json),"- json:JSON column
",,JSON
json_encode,0,1,,,System,,,,
json_exists,0,1,,,System,,,,
json_extract,0,1,,,System,,,,
json_extract_array,0,1,,,System,,,,
json_extract_array_raw,0,1,,,System,,,,
json_extract_bool,0,1,,,System,,,,
json_extract_float,0,1,,,System,,,,
json_extract_int,0,1,,,System,,,,
json_extract_keys,0,1,,,System,,,,
json_extract_keys_and_values,0,1,,,System,,,,
json_extract_keys_and_values_raw,0,1,,,System,,,,
json_extract_raw,0,1,,,System,,,,
json_extract_string,0,1,,,System,,,,
json_extract_uint,0,1,,,System,,,,
json_has,0,1,,,System,,,,
json_key,0,1,,,System,,,,
json_length,0,1,,,System,,,,
json_merge_patch,0,1,,,System,,,,
json_query,0,1,,,System,,,,
json_shared_data_paths,0,1,,,System,json_shared_data_paths(json),"- json:JSON column
",,JSON
json_shared_data_paths_with_types,0,1,,,System,json_shared_data_paths_with_types(json),"- json:JSON column
",,JSON
json_type,0,1,,,System,,,,
json_value,0,1,,,System,,,,
json_values,0,1,,,System,,,,
jump_consistent_hash,0,1,,,System,,,,
kostik_consistent_hash,0,1,,,System,,,,
kurt_pop,1,1,,,System,,,,
kurt_samp,1,1,,,System,,,,
l1_distance,0,1,,,System,,,,
l1_norm,0,1,,,System,,,,
l1_normalize,0,1,,,System,,,,
l2_distance,0,1,,,System,,,,
l2_norm,0,1,,,System,,,,
l2_normalize,0,1,,,System,,,,
l2_squared_distance,0,1,,,System,,,,
l2_squared_norm,0,1,,,System,,,,
lag,0,1,,,System,,,,
lag_behind,0,1,,,System,,,,
lag_in_frame,1,1,,,System,,,,
lags,0,1,,,System,,,,
largest_triangle_three_buckets,1,1,,,System,,,,
last_day,0,1,to_last_day_of_month,,System,,,,
last_value,1,1,,,System,,,,
latest,1,1,,,System,,,,
lcase,0,1,lower,,System,,,,
lcm,0,1,,,System,,,,
lead_in_frame,1,1,,,System,,,,
least,0,1,,,System,,,,
left,0,1,,,System,,,,
left_pad,0,1,,,System,,,,
left_pad_utf8,0,1,,,System,,,,
left_utf8,0,0,,,System,,,,
length,0,1,,,System,,,,Arrays
length_utf8,0,1,,,System,,,,
less,0,1,,,System,,,,
less_or_equals,0,1,,,System,,,,
lgamma,0,1,,,System,,,,
like,0,1,,,System,,,,
linf_distance,0,1,,,System,,,,
linf_norm,0,1,,,System,,,,
linf_normalize,0,1,,,System,,,,
ln,0,1,log,,System,,,,
locate,0,0,position,,System,,,,
log,0,1,,,System,,,,
log10,0,1,,,System,,,,
log1p,0,1,,,System,,,,
log2,0,1,,,System,,,,
log_trace,0,1,,,System,,,,
low_cardinality_indices,0,1,,,System,,,,
low_cardinality_keys,0,1,,,System,,,,
lower,0,1,,,System,,,,
lower_utf8,0,1,,,System,,,,
lp_distance,0,1,,,System,,,,
lp_norm,0,1,,,System,,,,
lp_normalize,0,1,,,System,,,,
lpad,0,1,left_pad,,System,,,,
lttb,1,1,largest_triangle_three_buckets,,System,,,,
mac_num_to_string,0,1,,,System,,,,
mac_string_to_num,0,1,,,System,,,,
mac_string_to_oui,0,1,,,System,,,,
make_date,0,1,,,System,,,,
make_date32,0,1,,,System,,,,
make_datetime,0,1,,,System,,,,
make_datetime64,0,1,,,System,,,,
mann_whitney_utest,1,1,,,System,,,,
map_add,0,1,,,System,,,,
map_all,0,1,,,System,,,,Maps
map_apply,0,1,,,System,,,,Maps
map_cast,0,1,,,System,,,,
map_concat,0,1,,,System,,,,Maps
map_contains,0,1,,,System,,,,Maps
map_contains_key_like,0,1,,,System,,,,Maps
map_exists,0,1,,,System,,,,Maps
map_extract_key_like,0,1,,,System,,,,Maps
map_filter,0,1,,,System,,,,Maps
map_from_arrays,0,1,,,System,,,,
map_from_string,0,1,extract_key_value_pairs,,System,,,,
map_keys,0,1,,,System,,,,Maps
map_populate_series,0,1,,,System,,,,
map_reverse_sort,0,1,,,System,,,,Maps
map_sort,0,1,,,System,,,,Maps
map_subtract,0,1,,,System,,,,
map_update,0,1,,,System,,,,
map_values,0,1,,,System,,,,Maps
match,0,1,,,System,,,,
materialize,0,1,,,System,,,,
max,1,1,,,System,,,,
max2,0,1,,,System,,,,
max_intersections,1,1,,,System,,,,
max_intersections_position,1,1,,,System,,,,
max_k,1,1,,,System,,,,
max_mapped_arrays,1,1,,,System,,,,
md4,0,1,,,System,,,,
md5,0,1,,,System,,,,
mean_ztest,1,1,,,System,,,,
median,1,1,quantile,,System,,,,
median_bfloat16,1,1,quantile_b_float16,,System,,,,
median_bfloat16_weighted,1,1,quantile_b_float16_weighted,,System,,,,
median_deterministic,1,1,quantile_deterministic,,System,,,,
median_exact,1,1,quantile_exact,,System,,,,
median_exact_high,1,1,quantile_exact_high,,System,,,,
median_exact_low,1,1,quantile_exact_low,,System,,,,
median_exact_weighted,1,1,quantile_exact_weighted,,System,,,,
median_tdigest,1,1,quantile_t_digest,,System,,,,
median_tdigest_weighted,1,1,quantile_t_digest_weighted,,System,,,,
median_timing,1,1,quantile_timing,,System,,,,
median_timing_weighted,1,1,quantile_timing_weighted,,System,,,,
meili_match,0,1,,,System,,,,
metro_hash64,0,1,,,System,,,,
mid,0,1,substring,,System,,,,
min,1,1,,,System,,,,
min2,0,1,,,System,,,,
min_k,1,1,,,System,,,,
min_mapped_arrays,1,1,,,System,,,,
min_sample_size_continous,0,1,,,System,,,,
min_sample_size_conversion,0,1,,,System,,,,
minus,0,1,,,System,,,,
minute,0,1,to_minute,,System,,,,
mod,0,1,modulo,,System,,,,
mod_or_null,0,1,modulo_or_null,,System,,,,
modulo,0,1,,,System,,,,
modulo_legacy,0,1,,,System,,,,
modulo_or_null,0,1,,,System,,,,
modulo_or_zero,0,1,,,System,,,,
monotonic,0,1,,,System,,,,
month,0,1,to_month,,System,,,,
month_name,0,1,,,System,,,,
morton_decode,0,1,,,System,,,,Encoding
morton_encode,0,1,,,System,,,,Encoding
moving_avg,1,1,group_array_moving_avg,,System,,,,
moving_sum,1,1,group_array_moving_sum,,System,,,,
multi_fuzzy_match_all_indices,0,1,,,System,,,,
multi_fuzzy_match_any,0,1,,,System,,,,
multi_fuzzy_match_any_index,0,1,,,System,,,,
multi_if,0,1,,,System,,,,
multi_match_all_indices,0,1,,,System,,,,
multi_match_any,0,1,,,System,,,,
multi_match_any_index,0,1,,,System,,,,
multi_search_all_positions,0,1,,,System,,,,
multi_search_all_positions_case_insensitive,0,1,,,System,,,,
multi_search_all_positions_case_insensitive_utf8,0,1,,,System,,,,
multi_search_all_positions_utf8,0,1,,,System,,,,
multi_search_any,0,1,,,System,,,,
multi_search_any_case_insensitive,0,1,,,System,,,,
multi_search_any_case_insensitive_utf8,0,1,,,System,,,,
multi_search_any_utf8,0,1,,,System,,,,
multi_search_first_index,0,1,,,System,,,,
multi_search_first_index_case_insensitive,0,1,,,System,,,,
multi_search_first_index_case_insensitive_utf8,0,1,,,System,,,,
multi_search_first_index_utf8,0,1,,,System,,,,
multi_search_first_position,0,1,,,System,,,,
multi_search_first_position_case_insensitive,0,1,,,System,,,,
multi_search_first_position_case_insensitive_utf8,0,1,,,System,,,,
multi_search_first_position_utf8,0,1,,,System,,,,
multiply,0,1,,,System,,,,
multiply_decimal,0,1,,,System,,,,
murmur_hash2_32,0,1,,,System,,,,
murmur_hash2_64,0,1,,,System,,,,
murmur_hash3_128,0,1,,,System,,,,
murmur_hash3_32,0,1,,,System,,,,
murmur_hash3_64,0,1,,,System,,,,
negate,0,1,,,System,,,,
neighbor,0,1,,,System,,,,
netloc,0,1,,,System,,,,
ngram_distance,0,1,,,System,,,,
ngram_distance_case_insensitive,0,1,,,System,,,,
ngram_distance_case_insensitive_utf8,0,1,,,System,,,,
ngram_distance_utf8,0,1,,,System,,,,
ngram_min_hash,0,1,,,System,,,,
ngram_min_hash_arg,0,1,,,System,,,,
ngram_min_hash_arg_case_insensitive,0,1,,,System,,,,
ngram_min_hash_arg_case_insensitive_utf8,0,1,,,System,,,,
ngram_min_hash_arg_utf8,0,1,,,System,,,,
ngram_min_hash_case_insensitive,0,1,,,System,,,,
ngram_min_hash_case_insensitive_utf8,0,1,,,System,,,,
ngram_min_hash_utf8,0,1,,,System,,,,
ngram_search,0,1,,,System,,,,
ngram_search_case_insensitive,0,1,,,System,,,,
ngram_search_case_insensitive_utf8,0,1,,,System,,,,
ngram_search_utf8,0,1,,,System,,,,
ngram_sim_hash,0,1,,,System,,,,
ngram_sim_hash_case_insensitive,0,1,,,System,,,,
ngram_sim_hash_case_insensitive_utf8,0,1,,,System,,,,
ngram_sim_hash_utf8,0,1,,,System,,,,
ngrams,0,1,,,System,,,,
node_epoch,0,1,,,System,,,,
node_id,0,1,,,System,,,,
node_uuid,0,0,server_uuid,,System,,,,
norm_l1,0,1,l1_norm,,System,,,,
norm_l2,0,1,l2_norm,,System,,,,
norm_l2_squared,0,1,l2_squared_norm,,System,,,,
norm_linf,0,1,linf_norm,,System,,,,
norm_lp,0,1,lp_norm,,System,,,,
normalize_l1,0,1,l1_normalize,,System,,,,
normalize_l2,0,1,l2_normalize,,System,,,,
normalize_linf,0,1,linf_normalize,,System,,,,
normalize_lp,0,1,lp_normalize,,System,,,,
normalize_query,0,1,,,System,,,,
normalize_query_keep_names,0,1,,,System,,,,
normalized_query_hash,0,1,,,System,,,,
normalized_query_hash_keep_names,0,1,,,System,,,,
not,0,1,,,System,,,,
not_empty,0,1,,,System,,,,
not_equals,0,1,,,System,,,,
not_ilike,0,1,,,System,,,,
not_in,0,1,,,System,,,,
not_in_ignore_set,0,1,,,System,,,,
not_like,0,1,,,System,,,,
not_null_in,0,1,,,System,,,,
not_null_in_ignore_set,0,1,,,System,,,,
nothing,1,1,,,System,,,,
now,0,1,,,System,,,,
now64,0,1,,,System,,,,
now_in_block,0,1,,,System,,,,
null,0,0,,,,,,,table
null_if,0,1,,,System,,,,
null_in,0,1,,,System,,,,
null_in_ignore_set,0,1,,,System,,,,
numbers,0,0,,,,,,,table
numbers_mt,0,0,,,,,,,table
or,0,1,,,System,,,,
p90,1,1,,,System,,,,
p95,1,1,,,System,,,,
p99,1,1,,,System,,,,
parse_datetime,0,1,,,System,,,,
parse_datetime32_best_effort,0,1,,,System,,,,
parse_datetime32_best_effort_or_null,0,1,,,System,,,,
parse_datetime32_best_effort_or_zero,0,1,,,System,,,,
parse_datetime64_best_effort,0,1,,,System,,,,
parse_datetime64_best_effort_or_null,0,1,,,System,,,,
parse_datetime64_best_effort_or_zero,0,1,,,System,,,,
parse_datetime64_best_effort_us,0,1,,,System,,,,
parse_datetime64_best_effort_us_or_null,0,1,,,System,,,,
parse_datetime_best_effort,0,1,,,System,,,,
parse_datetime_best_effort_or_null,0,1,,,System,,,,
parse_datetime_best_effort_or_zero,0,1,,,System,,,,
parse_datetime_best_effort_us,0,1,,,System,,,,
parse_datetime_best_effort_us_or_null,0,1,,,System,,,,
parse_datetime_best_effort_us_or_zero,0,1,,,System,,,,
parse_datetime_in_joda_syntax,0,1,,,System,,,,
parse_time_delta,0,1,,,System,,,,
partition_id,0,1,,,System,,,,
path,0,1,,,System,,,,
path_full,0,1,,,System,,,,
pi,0,1,,,System,,,,
plus,0,1,,,System,,,,
pmod,0,1,positive_modulo,,System,,,,
pmod_or_null,0,1,positive_modulo_or_null,,System,,,,
point_in_ellipses,0,1,,,System,,,,
point_in_polygon,0,1,,,System,,,,
polygon_area_cartesian,0,1,,,System,,,,
polygon_area_spherical,0,1,,,System,,,,
polygon_convex_hull_cartesian,0,1,,,System,,,,
polygon_perimeter_cartesian,0,1,,,System,,,,
polygon_perimeter_spherical,0,1,,,System,,,,
polygons_distance_cartesian,0,1,,,System,,,,
polygons_distance_spherical,0,1,,,System,,,,
polygons_equals_cartesian,0,1,,,System,,,,
polygons_intersection_cartesian,0,1,,,System,,,,
polygons_intersection_spherical,0,1,,,System,,,,
polygons_sym_difference_cartesian,0,1,,,System,,,,
polygons_sym_difference_spherical,0,1,,,System,,,,
polygons_union_cartesian,0,1,,,System,,,,
polygons_union_spherical,0,1,,,System,,,,
polygons_within_cartesian,0,1,,,System,,,,
polygons_within_spherical,0,1,,,System,,,,
port,0,1,,,System,,,,URL
port_rfc,0,1,,,System,,,,URL
position,0,0,,,System,,,,
position_case_insensitive,0,1,,,System,,,,
position_case_insensitive_utf8,0,1,,,System,,,,
position_utf8,0,1,,,System,,,,
positive_modulo,0,1,,,System,,,,Arithmetic
positive_modulo_or_null,0,1,,,System,,,,Arithmetic
pow,0,1,,,System,,,,
power,0,1,pow,,System,,,,
proportions_ztest,0,1,,,System,,,,
protocol,0,1,,,System,,,,
python_status,0,1,,,System,,,,
quantile,1,1,,,System,,,,
quantile_b_float16,1,1,,,System,,,,
quantile_b_float16_weighted,1,1,,,System,,,,
quantile_deterministic,1,1,,,System,,,,
quantile_exact,1,1,,,System,,,,
quantile_exact_exclusive,1,1,,,System,,,,
quantile_exact_high,1,1,,,System,,,,
quantile_exact_inclusive,1,1,,,System,,,,
quantile_exact_low,1,1,,,System,,,,
quantile_exact_weighted,1,1,,,System,,,,
quantile_t_digest,1,1,,,System,,,,
quantile_t_digest_weighted,1,1,,,System,,,,
quantile_timing,1,1,,,System,,,,
quantile_timing_weighted,1,1,,,System,,,,
quantiles,1,1,,,System,,,,
quantiles_b_float16,1,1,,,System,,,,
quantiles_b_float16_weighted,1,1,,,System,,,,
quantiles_deterministic,1,1,,,System,,,,
quantiles_exact,1,1,,,System,,,,
quantiles_exact_exclusive,1,1,,,System,,,,
quantiles_exact_high,1,1,,,System,,,,
quantiles_exact_inclusive,1,1,,,System,,,,
quantiles_exact_low,1,1,,,System,,,,
quantiles_exact_weighted,1,1,,,System,,,,
quantiles_t_digest,1,1,,,System,,,,
quantiles_t_digest_weighted,1,1,,,System,,,,
quantiles_timing,1,1,,,System,,,,
quantiles_timing_weighted,1,1,,,System,,,,
quarter,0,1,to_quarter,,System,,,,
query_id,0,1,,,System,,,,
query_string,0,1,,,System,,,,
query_string_and_fragment,0,1,,,System,,,,
radians,0,1,,,System,,,,
rand,0,1,,,System,,,,
rand32,0,1,rand,,System,,,,
rand64,0,1,,,System,,,,
rand_bernoulli,0,1,,,System,,,,Distribution
rand_binomial,0,1,,,System,,,,Distribution
rand_canonical,0,1,,,System,,,,Mathematical
rand_chi_squared,0,1,,,System,,,,Distribution
rand_constant,0,1,,,System,,,,
rand_exponential,0,1,,,System,,,,Distribution
rand_fisher_f,0,1,,,System,,,,Distribution
rand_log_normal,0,1,,,System,,,,Distribution
rand_negative_binomial,0,1,,,System,,,,Distribution
rand_normal,0,1,,,System,,,,Distribution
rand_poisson,0,1,,,System,,,,Distribution
rand_student_t,0,1,,,System,,,,Distribution
rand_uniform,0,1,,,System,,,,Distribution
random_fixed_string,0,1,,,System,,,,
random_in_type,0,1,,,System,,,,
random_printable_ascii,0,1,,,System,,,,
random_string,0,1,,,System,,,,
random_string_utf8,0,1,,,System,,,,
range,0,1,,,System,,,,
rank,1,1,,,System,,,,
rank_corr,1,1,,,System,,,,
read_wkt_multi_polygon,0,1,,,System,,,,
read_wkt_point,0,1,,,System,,,,
read_wkt_polygon,0,1,,,System,,,,
read_wkt_ring,0,1,,,System,,,,
regexp_extract,0,1,,,System,,,,
regexp_matches,0,1,match,,System,,,,
regexp_quote_meta,0,1,,,System,,,,
region_hierarchy,0,1,,,System,,,,
region_in,0,1,,,System,,,,
region_to_area,0,1,,,System,,,,
region_to_city,0,1,,,System,,,,
region_to_continent,0,1,,,System,,,,
region_to_country,0,1,,,System,,,,
region_to_district,0,1,,,System,,,,
region_to_name,0,1,,,System,,,,
region_to_population,0,1,,,System,,,,
region_to_top_continent,0,1,,,System,,,,
reinterpret,0,1,,,System,,,,
reinterpret_as_date,0,1,,,System,,,,
reinterpret_as_datetime,0,1,,,System,,,,
reinterpret_as_fixed_string,0,1,,,System,,,,
reinterpret_as_float32,0,1,,,System,,,,
reinterpret_as_float64,0,1,,,System,,,,
reinterpret_as_int128,0,1,,,System,,,,
reinterpret_as_int16,0,1,,,System,,,,
reinterpret_as_int256,0,1,,,System,,,,
reinterpret_as_int32,0,1,,,System,,,,
reinterpret_as_int64,0,1,,,System,,,,
reinterpret_as_int8,0,1,,,System,,,,
reinterpret_as_string,0,1,,,System,,,,
reinterpret_as_uint128,0,1,,,System,,,,
reinterpret_as_uint16,0,1,,,System,,,,
reinterpret_as_uint256,0,1,,,System,,,,
reinterpret_as_uint32,0,1,,,System,,,,
reinterpret_as_uint64,0,1,,,System,,,,
reinterpret_as_uint8,0,1,,,System,,,,
reinterpret_as_uuid,0,1,,,System,,,,
remote,0,0,,,,,,,table
remote_secure,0,0,,,,,,,table
repeat,0,1,,,System,,,,
replace,0,1,replace_all,,System,,,,
replace_all,0,1,,,System,,,,
replace_one,0,1,,,System,,,,
replace_regex,0,1,replace_regexp_all,,System,,,,
replace_regexp,0,1,replace_regexp_all,,System,,,,
replace_regexp_all,0,1,,,System,,,,
replace_regexp_one,0,1,,,System,,,,
replicate,0,1,,,System,,,,
retention,1,1,,,System,,,,
reverse,0,1,,,System,,,,
reverse_dns_query,0,1,,,System,reverse_dns_query(address),"- address:An IPv4 or IPv6 address. [String](../../sql-reference/data-types/string.md)
",Associated domains (PTR records). [String](../../sql-reference/data-types/string.md).,
reverse_utf8,0,1,,,System,,,,
revision,0,1,,,System,,,,
right,0,1,,,System,,,,
right_pad,0,1,,,System,,,,
right_pad_utf8,0,1,,,System,,,,
right_utf8,0,0,,,System,,,,
round,0,1,,,System,,,,
round_age,0,1,,,System,,,,
round_bankers,0,0,,,System,,,,
round_down,0,1,,,System,,,,
round_duration,0,1,,,System,,,,
round_to_exp2,0,1,,,System,,,,
row_number,1,1,,,System,,,,
row_number_in_block,0,1,,,System,,,,
rowify,0,0,,,,,,,table
rpad,0,1,right_pad,,System,,,,
running_accumulate,0,1,,,System,,,,
running_concurrency,0,1,,,System,,,,
running_difference,0,1,,,System,,,,
running_difference_starting_with_first_value,0,1,,,System,,,,
scalar_product,0,1,dot_product,,System,,,,
second,0,1,to_second,,System,,,,
sequence_count,1,1,,,System,,,,
sequence_match,1,1,,,System,,,,
sequence_next_node,1,1,,,System,,,,
server_uuid,0,1,,,System,,,,
session,0,0,,,,,,,table
sha1,0,1,,,System,,,,
sha224,0,1,,,System,,,,
sha256,0,1,,,System,,,,
sha384,0,1,,,System,,,,
sha512,0,1,,,System,,,,
shard_count,0,1,,,System,,,,
shard_num,0,1,,,System,,,,
sigmoid,0,1,,,System,,,,
sign,0,1,,,System,,,,
simple_json_extract_bool,0,1,,,System,,,,
simple_json_extract_float,0,1,,,System,,,,
simple_json_extract_int,0,1,,,System,,,,
simple_json_extract_raw,0,1,,,System,,,,
simple_json_extract_string,0,1,,,System,,,,
simple_json_extract_uint,0,1,,,System,,,,
simple_json_has,0,1,,,System,,,,
simple_linear_regression,1,1,,,System,,,,
sin,0,1,,,System,,,,
single_value_or_null,1,1,,,System,,,,
sinh,0,1,,,System,,,,
sip_hash128,0,1,,,System,,,,
sip_hash64,0,1,,,System,,,,
skew_pop,1,1,,,System,,,,
skew_samp,1,1,,,System,,,,
sleep,0,1,,,System,,,,
sleep_each_row,0,1,,,System,,,,
snowflakeToDateTime,0,1,,,System,,,,
snowflakeToDateTime64,0,1,,,System,,,,
sparkbar,1,1,,,System,,,,
split_by_alpha,0,1,alpha_tokens,,System,,,,
split_by_char,0,1,,,System,,,,
split_by_non_alpha,0,1,,,System,,,,
split_by_regexp,0,1,,,System,,,,
split_by_string,0,1,,,System,,,,
split_by_whitespace,0,1,,,System,,,,
sqrt,0,1,,,System,,,,
starts_with,0,1,,,System,,,,
stddev_pop,1,1,,,System,,,,
stddev_pop_stable,1,1,,,System,,,,
stddev_samp,1,1,,,System,,,,
stddev_samp_stable,1,1,,,System,,,,
stochastic_linear_regression,1,1,,,System,,,,
stochastic_logistic_regression,1,1,,,System,,,,
str_to_map,0,1,extract_key_value_pairs,,System,,,,
structure_to_capn_proto_schema,0,0,,,System,,,,Other
structure_to_protobuf_schema,0,0,,,System,,,,Other
student_ttest,1,1,,,System,,,,
sub_bitmap,0,1,,,System,,,,
substr,0,1,substring,,System,,,,
substring,0,1,,,System,,,,
substring_utf8,0,1,,,System,,,,
subtract_days,0,1,,,System,,,,
subtract_hours,0,1,,,System,,,,
subtract_interval,0,1,,,System,,,,Dates and Times
subtract_microseconds,0,1,,,System,,,,
subtract_milliseconds,0,1,,,System,,,,
subtract_minutes,0,1,,,System,,,,
subtract_months,0,1,,,System,,,,
subtract_nanoseconds,0,1,,,System,,,,
subtract_quarters,0,1,,,System,,,,
subtract_seconds,0,1,,,System,,,,
subtract_tuple_of_intervals,0,1,,,System,,,,Dates and Times
subtract_weeks,0,1,,,System,,,,
subtract_years,0,1,,,System,,,,
sum,1,1,,,System,,,,
sum_count,1,1,,,System,,,,
sum_kahan,1,1,,,System,,,,
sum_map_filtered,1,1,,,System,,,,
sum_map_filtered_with_overflow,1,1,,,System,,,,
sum_map_with_overflow,1,1,,,System,,,,
sum_mapped_arrays,1,1,,,System,,,,
sum_with_overflow,1,1,,,System,,,,
svg,0,1,,,System,,,,
table,0,0,,,,,,,table
tan,0,1,,,System,,,,
tanh,0,1,,,System,,,,
tcp_port,0,1,,,System,,,,
tgamma,0,1,,,System,,,,
theils_u,1,1,,,System,,,,
throw_if,0,1,,,System,,,,
tid,0,1,,,System,,,,
time_diff,0,1,,,System,,,,Dates and Times
time_slot,0,1,,,System,,,,
time_slots,0,1,,,System,,,,
timezone,0,1,,,System,,,,
timezone_of,0,1,,,System,,,,
timezone_offset,0,1,,,System,,,,
to_YYYYMM,0,1,,,System,,,,
to_YYYYMMDD,0,1,,,System,,,,
to_YYYYMMDDhhmmss,0,1,,,System,,,,
to_base64,0,0,base64_encode,,System,,,,
to_bool,0,1,,,System,,,,
to_column_type_name,0,1,,,System,,,,
to_date,0,1,,,System,,,,
to_date16,0,1,,,System,,,,
to_date32_or_default,0,1,,,System,,,,
to_date32_or_null,0,1,,,System,,,,
to_date32_or_zero,0,1,,,System,,,,
to_date_or_default,0,1,,,System,,,,
to_date_or_null,0,1,,,System,,,,
to_date_or_zero,0,1,,,System,,,,
to_datetime,0,1,,,System,,,,
to_datetime32,0,1,,,System,,,,
to_datetime64,0,1,,,System,,,,
to_datetime64_or_default,0,1,,,System,,,,
to_datetime64_or_null,0,1,,,System,,,,
to_datetime64_or_zero,0,1,,,System,,,,
to_datetime_or_default,0,1,,,System,,,,
to_datetime_or_null,0,1,,,System,,,,
to_datetime_or_zero,0,1,,,System,,,,
to_day_of_month,0,1,,,System,,,,
to_day_of_week,0,1,,,System,,,,
to_day_of_year,0,1,,,System,,,,
to_decimal,0,1,,,System,,,,
to_decimal128,0,1,,,System,,,,
to_decimal128_or_default,0,1,,,System,,,,
to_decimal128_or_null,0,1,,,System,,,,
to_decimal128_or_zero,0,1,,,System,,,,
to_decimal256,0,1,,,System,,,,
to_decimal256_or_default,0,1,,,System,,,,
to_decimal256_or_null,0,1,,,System,,,,
to_decimal256_or_zero,0,1,,,System,,,,
to_decimal32,0,1,,,System,,,,
to_decimal32_or_default,0,1,,,System,,,,
to_decimal32_or_null,0,1,,,System,,,,
to_decimal32_or_zero,0,1,,,System,,,,
to_decimal64,0,1,,,System,,,,
to_decimal64_or_default,0,1,,,System,,,,
to_decimal64_or_null,0,1,,,System,,,,
to_decimal64_or_zero,0,1,,,System,,,,
to_fixed_string,0,1,,,System,,,,
to_float,0,1,,,System,,,,
to_float32,0,1,,,System,,,,
to_float32_or_default,0,1,,,System,,,,
to_float32_or_null,0,1,,,System,,,,
to_float32_or_zero,0,1,,,System,,,,
to_float64,0,1,,,System,,,,
to_float64_or_default,0,1,,,System,,,,
to_float64_or_null,0,1,,,System,,,,
to_float64_or_zero,0,1,,,System,,,,
to_hour,0,1,,,System,,,,
to_int,0,1,,,System,,,,
to_int128,0,1,,,System,,,,
to_int128_or_default,0,1,,,System,,,,
to_int128_or_null,0,1,,,System,,,,
to_int128_or_zero,0,1,,,System,,,,
to_int16,0,1,,,System,,,,
to_int16_or_default,0,1,,,System,,,,
to_int16_or_null,0,1,,,System,,,,
to_int16_or_zero,0,1,,,System,,,,
to_int256,0,1,,,System,,,,
to_int256_or_default,0,1,,,System,,,,
to_int256_or_null,0,1,,,System,,,,
to_int256_or_zero,0,1,,,System,,,,
to_int32,0,1,,,System,,,,
to_int32_or_default,0,1,,,System,,,,
to_int32_or_null,0,1,,,System,,,,
to_int32_or_zero,0,1,,,System,,,,
to_int64,0,1,,,System,,,,
to_int64_or_default,0,1,,,System,,,,
to_int64_or_null,0,1,,,System,,,,
to_int64_or_zero,0,1,,,System,,,,
to_int8,0,1,,,System,,,,
to_int8_or_default,0,1,,,System,,,,
to_int8_or_null,0,1,,,System,,,,
to_int8_or_zero,0,1,,,System,,,,
to_interval_day,0,1,,,System,,,,
to_interval_hour,0,1,,,System,,,,
to_interval_microsecond,0,1,,,System,,,,
to_interval_millisecond,0,1,,,System,,,,
to_interval_minute,0,1,,,System,,,,
to_interval_month,0,1,,,System,,,,
to_interval_nanosecond,0,1,,,System,,,,
to_interval_quarter,0,1,,,System,,,,
to_interval_second,0,1,,,System,,,,
to_interval_week,0,1,,,System,,,,
to_interval_year,0,1,,,System,,,,
to_ipv4,0,1,,,System,,,,
to_ipv4_or_default,0,1,,,System,,,,
to_ipv4_or_null,0,1,,,System,,,,
to_ipv4_or_zero,0,1,,,System,,,,
to_ipv6,0,1,,,System,,,,
to_ipv6_or_default,0,1,,,System,,,,
to_ipv6_or_null,0,1,,,System,,,,
to_ipv6_or_zero,0,1,,,System,,,,
to_iso_week,0,1,,,System,,,,
to_iso_year,0,1,,,System,,,,
to_json_string,0,1,,,System,,,,
to_last_day_of_month,0,1,,,System,,,,
to_low_cardinality,0,1,,,System,,,,
to_minute,0,1,,,System,,,,
to_modified_julian_day,0,1,,,System,,,,
to_modified_julian_day_or_null,0,1,,,System,,,,
to_monday,0,1,,,System,,,,
to_month,0,1,,,System,,,,
to_nullable,0,1,,,System,,,,
to_quarter,0,1,,,System,,,,
to_relative_day_num,0,1,,,System,,,,
to_relative_hour_num,0,1,,,System,,,,
to_relative_minute_num,0,1,,,System,,,,
to_relative_month_num,0,1,,,System,,,,
to_relative_quarter_num,0,1,,,System,,,,
to_relative_second_num,0,1,,,System,,,,
to_relative_week_num,0,1,,,System,,,,
to_relative_year_num,0,1,,,System,,,,
to_second,0,1,,,System,,,,
to_start_of_day,0,1,,,System,,,,
to_start_of_fifteen_minutes,0,1,,,System,,,,
to_start_of_five_minute,0,1,to_start_of_five_minutes,,System,,,,
to_start_of_five_minutes,0,1,,,System,,,,
to_start_of_hour,0,1,,,System,,,,
to_start_of_interval,0,1,,,System,,,,
to_start_of_iso_year,0,1,,,System,,,,
to_start_of_microsecond,0,1,,,System,,,,
to_start_of_millisecond,0,1,,,System,,,,
to_start_of_minute,0,1,,,System,,,,
to_start_of_month,0,1,,,System,,,,
to_start_of_nanosecond,0,1,,,System,,,,
to_start_of_quarter,0,1,,,System,,,,
to_start_of_second,0,1,,,System,,,,
to_start_of_ten_minutes,0,1,,,System,,,,
to_start_of_week,0,1,,,System,,,,
to_start_of_year,0,1,,,System,,,,
to_string,0,1,,,System,,,,
to_string_cut_to_zero,0,1,,,System,,,,
to_time,0,1,,,System,,,,
to_timezone,0,1,,,System,,,,
to_type_name,0,1,,,System,,,,
to_uint128,0,1,,,System,,,,
to_uint128_or_null,0,1,,,System,,,,
to_uint128_or_zero,0,1,,,System,,,,
to_uint16,0,1,,,System,,,,
to_uint16_or_default,0,1,,,System,,,,
to_uint16_or_null,0,1,,,System,,,,
to_uint16_or_zero,0,1,,,System,,,,
to_uint256,0,1,,,System,,,,
to_uint256_or_default,0,1,,,System,,,,
to_uint256_or_null,0,1,,,System,,,,
to_uint256_or_zero,0,1,,,System,,,,
to_uint32,0,1,,,System,,,,
to_uint32_or_default,0,1,,,System,,,,
to_uint32_or_null,0,1,,,System,,,,
to_uint32_or_zero,0,1,,,System,,,,
to_uint64,0,1,,,System,,,,
to_uint64_or_default,0,1,,,System,,,,
to_uint64_or_null,0,1,,,System,,,,
to_uint64_or_zero,0,1,,,System,,,,
to_uint8,0,1,,,System,,,,
to_uint8_or_default,0,1,,,System,,,,
to_uint8_or_null,0,1,,,System,,,,
to_uint8_or_zero,0,1,,,System,,,,
to_unix_timestamp,0,1,,,System,,,,
to_unix_timestamp64_micro,0,1,,,System,,,,
to_unix_timestamp64_milli,0,1,,,System,,,,
to_unix_timestamp64_nano,0,1,,,System,,,,
to_uuid,0,1,,,System,,,,
to_uuid_or_default,0,1,,,System,,,,
to_uuid_or_null,0,1,,,System,,,,
to_uuid_or_zero,0,1,,,System,,,,
to_valid_utf8,0,1,,,System,,,,
to_week,0,1,,,System,,,,
to_year,0,1,,,System,,,,
to_year_week,0,1,,,System,,,,
today,0,1,,,System,,,,
tokens,0,1,,,System,,,,
top_k,1,1,,,System,,,,
top_k_exact,1,1,,,System,,,,
top_k_exact_weighted,1,1,,,System,,,,
top_k_weighted,1,1,,,System,,,,
top_level_domain,0,1,,,System,,,,URL
top_level_domain_rfc,0,1,,,System,,,,URL
transform,0,1,,,System,,,,
translate,0,1,,,System,,,,
translate_utf8,0,1,,,System,,,,
trim_both,0,1,,,System,,,,
trim_left,0,1,,,System,,,,
trim_right,0,1,,,System,,,,
trunc,0,1,,,System,,,,
truncate,0,1,trunc,,System,,,,
try_base58_decode,0,1,,,System,,,,
try_base64_decode,0,1,,,System,,,,
try_decrypt,0,1,,,System,,,,
tumble,0,0,,,,,,,table
tuple_cast,0,1,,,System,,,,
tuple_divide,0,1,,,System,,,,
tuple_divide_by_number,0,1,,,System,,,,
tuple_element,0,1,,,System,,,,
tuple_hamming_distance,0,1,,,System,,,,
tuple_minus,0,1,,,System,,,,
tuple_multiply,0,1,,,System,,,,
tuple_multiply_by_number,0,1,,,System,,,,
tuple_negate,0,1,,,System,,,,
tuple_plus,0,1,,,System,,,,
tuple_to_name_value_pairs,0,1,,,System,,,,
ucase,0,1,upper,,System,,,,
ulid_string_to_datetime,0,1,,,System,,,,ULID
unbin,0,1,,,System,,,,
unhex,0,1,,,System,,,,
uniq,1,1,unique,,System,,,,
uniq_exact,1,1,unique_exact,,System,,,,
uniq_hll12,1,1,unique_hll12,,System,,,,
unique,1,1,,,System,,,,
unique_combined,1,1,,,System,,,,
unique_combined64,1,1,,,System,,,,
unique_exact,1,1,,,System,,,,
unique_hll12,1,1,,,System,,,,
unique_up_to,1,1,,,System,,,,
upper,0,1,,,System,,,,
upper_utf8,0,1,,,System,,,,
uptime,0,1,,,System,,,,
url,0,0,,,,,,,table
url_hash,0,1,,,System,,,,
url_hierarchy,0,1,,,System,,,,
url_path_hierarchy,0,1,,,System,,,,
user,0,1,current_user,,System,,,,
utc_timestamp,0,1,,,System,,,,Dates and Times
uuid,0,1,,,System,,,,
uuid7,0,1,generate_uuidv7,,System,,,,
uuid_num_to_string,0,1,,,System,,,,
uuid_string_to_num,0,1,,,System,,,,
uuid_to_num,0,0,,,System,,,,UUID
uuidv7_to_datetime,0,0,,,System,,,,UUID
validate_nested_array_sizes,0,1,,,System,,,,
values,0,0,,,,,,,table
var_pop,1,1,,,System,,,,
var_pop_stable,1,1,,,System,,,,
var_samp,1,1,,,System,,,,
var_samp_stable,1,1,,,System,,,,
variant_element,0,1,,,System,"variantElement(variant, type_name, [, default_value])","- variant:Variant column
- type_name:The name of the variant type to extract
- default_value:The default value that will be used if variant doesn't have variant with specified type. Can be any type. Optional
",,variant
variant_type,0,1,,,System,variant_type(variant),"- variant:Variant column
",,Variants
vector_difference,0,1,tuple_minus,,System,,,,
vector_sum,0,1,tuple_plus,,System,,,,
version,0,1,,,System,,,,
view,0,0,,,,,,,table
viewExplain,0,0,,,,,,,table
visible_width,0,1,,,System,,,,
visit_param_extract_bool,0,1,simple_json_extract_bool,,System,,,,
visit_param_extract_float,0,1,simple_json_extract_float,,System,,,,
visit_param_extract_int,0,1,simple_json_extract_int,,System,,,,
visit_param_extract_raw,0,1,simple_json_extract_raw,,System,,,,
visit_param_extract_string,0,1,simple_json_extract_string,,System,,,,
visit_param_extract_uint,0,1,simple_json_extract_uint,,System,,,,
visit_param_has,0,1,simple_json_has,,System,,,,
weak_hash32,0,1,,,System,,,,
week,0,1,to_week,,System,,,,
welch_ttest,1,1,,,System,,,,
window_funnel,1,1,,,System,,,,
wkt,0,1,,,System,,,,
word_shingle_min_hash,0,1,,,System,,,,
word_shingle_min_hash_arg,0,1,,,System,,,,
word_shingle_min_hash_arg_case_insensitive,0,1,,,System,,,,
word_shingle_min_hash_arg_case_insensitive_utf8,0,1,,,System,,,,
word_shingle_min_hash_arg_utf8,0,1,,,System,,,,
word_shingle_min_hash_case_insensitive,0,1,,,System,,,,
word_shingle_min_hash_case_insensitive_utf8,0,1,,,System,,,,
word_shingle_min_hash_utf8,0,1,,,System,,,,
word_shingle_sim_hash,0,1,,,System,,,,
word_shingle_sim_hash_case_insensitive,0,1,,,System,,,,
word_shingle_sim_hash_case_insensitive_utf8,0,1,,,System,,,,
word_shingle_sim_hash_utf8,0,1,,,System,,,,
wy_hash64,0,1,,,System,,,,
xirr,1,1,,,System,,,,
xor,0,1,,,System,,,,
xx_hash32,0,1,,,System,,,,
xx_hash64,0,1,,,System,,,,
xxh3,0,0,,,System,,,,Hash
yandex_consistent_hash,0,1,kostik_consistent_hash,,System,,,,
year,0,1,to_year,,System,,,,
yearweek,0,1,to_year_week,,System,,,,
yesterday,0,1,,,System,,,,
zeros,0,0,,,,,,,table
zeros_mt,0,0,,,,,,,table
